site_id,year,year_id,winter_GDD,scaled_winter_GDD
1,1984,1,1109.405654,-0.288344729
1,1985,2,1073.584219,-0.564970041
1,1986,3,987.8362152,-1.227145303
1,1987,4,1105.150303,-0.321205992
1,1988,5,1218.724537,0.555852889
1,1989,6,1265.945758,0.920511228
1,1990,7,1278.846496,1.020135115
1,1991,8,1121.659916,-0.193713148
1,1992,9,1253.316516,0.822983921
1,1993,10,1254.464345,0.831847845
1,1994,11,1107.405044,-0.303794121
1,1995,12,1148.835418,0.016145327
1,1996,13,1102.877483,-0.338757482
1,1997,14,1219.201648,0.559537302
1,1998,15,1237.805863,0.703205384
1,1999,16,1181.026675,0.264737171
1,2000,17,1189.093738,0.327033773
1,2001,18,992.6988824,-1.189594133
1,2002,19,1224.781175,0.602624311
1,2003,20,1137.027793,-0.075037172
1,2004,21,1107.072287,-0.306363781
1,2005,22,1193.586018,0.361724688
1,2006,23,1047.138585,-0.769192225
1,2007,24,1153.999895,0.056027174
1,2008,25,1071.849787,-0.578363912
1,2009,26,1049.913254,-0.747765281
1,2010,27,856.8140824,-2.238942799
1,2011,28,1053.997202,-0.716227645
1,2012,29,1167.305661,0.15877883
1,2013,30,869.1663296,-2.143554543
1,2014,31,1019.472519,-0.982839001
1,2015,32,939.0573515,-1.603832288
1,2016,33,979.0227483,-1.295205894
1,2017,34,1065.19422,-0.629760463
1,2018,35,839.6617495,-2.371398951
2,1984,1,1225.514386,0.608286412
2,1985,2,1205.108683,0.450706628
2,1986,3,1114.597172,-0.248254062
2,1987,4,1213.006075,0.51169298
2,1988,5,1312.046006,1.276513028
2,1989,6,1352.574416,1.589487205
2,1990,7,1348.390992,1.557181376
2,1991,8,1222.948211,0.588469537
2,1992,9,1345.309408,1.533384337
2,1993,10,1323.583987,1.365613247
2,1994,11,1201.892926,0.425873459
2,1995,12,1237.858092,0.703608712
2,1996,13,1213.710837,0.517135389
2,1997,14,1301.62733,1.196056471
2,1998,15,1330.295269,1.417440045
2,1999,16,1272.93125,0.974455573
2,2000,17,1279.781777,1.027357672
2,2001,18,1124.487761,-0.171875566
2,2002,19,1320.317371,1.340387325
2,2003,20,1248.297389,0.784224518
2,2004,21,1231.636122,0.655560543
2,2005,22,1270.824997,0.958190372
2,2006,23,1169.214748,0.173521453
2,2007,24,1253.131466,0.821554903
2,2008,25,1171.816824,0.193615564
2,2009,26,1138.197024,-0.066007972
2,2010,27,1004.306533,-1.099955905
2,2011,28,1140.230267,-0.050306573
2,2012,29,1214.436501,0.522739212
2,2013,30,979.0993999,-1.294613964
2,2014,31,1092.285124,-0.420555283
2,2015,32,1033.70847,-0.872904145
2,2016,33,1064.631414,-0.634106643
2,2017,34,1141.926256,-0.037209571
2,2018,35,952.2827362,-1.501701367
3,1984,1,1204.090683,0.442845287
3,1985,2,1170.220857,0.181290965
3,1986,3,1086.167602,-0.467796873
3,1987,4,1192.313351,0.351896723
3,1988,5,1301.152136,1.192386861
3,1989,6,1333.494885,1.442148575
3,1990,7,1337.127884,1.470203826
3,1991,8,1205.625217,0.454695482
3,1992,9,1325.977543,1.384097102
3,1993,10,1315.09626,1.300068125
3,1994,11,1191.098173,0.342512707
3,1995,12,1228.588597,0.632026516
3,1996,13,1183.667508,0.285130584
3,1997,14,1280.740353,1.034760121
3,1998,15,1307.143752,1.238656159
3,1999,16,1258.740293,0.864868176
3,2000,17,1262.640792,0.894989154
3,2001,18,1092.742668,-0.417021977
3,2002,19,1301.643546,1.196181691
3,2003,20,1220.781521,0.571737621
3,2004,21,1203.434987,0.43778178
3,2005,22,1257.376118,0.854333547
3,2006,23,1139.753016,-0.053992071
3,2007,24,1229.244341,0.637090396
3,2008,25,1153.937996,0.055549175
3,2009,26,1125.666233,-0.162775003
3,2010,27,961.1279195,-1.433395851
3,2011,28,1118.574156,-0.217542433
3,2012,29,1216.456572,0.538338894
3,2013,30,960.9763007,-1.434566703
3,2014,31,1082.600095,-0.495346373
3,2015,32,1015.301161,-1.015051647
3,2016,33,1048.104595,-0.761732361
3,2017,34,1127.403933,-0.149355889
3,2018,35,930.7897353,-1.667677634
4,1984,1,1109.461723,-0.287911741
4,1985,2,1066.252754,-0.621586108
4,1986,3,981.765278,-1.274027146
4,1987,4,1104.143842,-0.328978229
4,1988,5,1225.90755,0.611322563
4,1989,6,1261.057156,0.882759778
4,1990,7,1273.664398,0.980117191
4,1991,8,1126.731764,-0.154546611
4,1992,9,1245.410126,0.761928087
4,1993,10,1250.280068,0.799535436
4,1994,11,1110.88601,-0.276912917
4,1995,12,1155.524696,0.067802213
4,1996,13,1095.73768,-0.393893475
4,1997,14,1210.815871,0.494779479
4,1998,15,1232.03822,0.658665677
4,1999,16,1178.241604,0.243229901
4,2000,17,1180.293277,0.259073621
4,2001,18,993.1200097,-1.186342044
4,2002,19,1221.444537,0.576857658
4,2003,20,1129.036321,-0.136750039
4,2004,21,1100.871311,-0.354249829
4,2005,22,1185.733032,0.301081261
4,2006,23,1038.582369,-0.835266238
4,2007,24,1143.677616,-0.023684977
4,2008,25,1070.46377,-0.589067204
4,2009,26,1044.672302,-0.788237699
4,2010,27,839.3436517,-2.37385541
4,2011,28,1037.097423,-0.846733493
4,2012,29,1168.34045,0.16676982
4,2013,30,872.9975533,-2.11396853
4,2014,31,1010.822974,-1.049633728
4,2015,32,932.5453866,-1.654119897
4,2016,33,972.3286408,-1.34690007
4,2017,34,1058.397883,-0.68224409
4,2018,35,836.7047191,-2.394234146
5,1984,1,1152.869887,0.047300868
5,1985,2,1111.439443,-0.272639114
5,1986,3,1025.456038,-0.936632228
5,1987,4,1145.62713,-0.008630164
5,1988,5,1262.818473,0.896361264
5,1989,6,1296.337436,1.15520611
5,1990,7,1307.951271,1.244892095
5,1991,8,1166.228583,0.150461271
5,1992,9,1279.064954,1.021822123
5,1993,10,1285.56245,1.071998001
5,1994,11,1152.100958,0.041362943
5,1995,12,1198.02377,0.395994519
5,1996,13,1133.688955,-0.100820809
5,1997,14,1244.226279,0.75278602
5,1998,15,1264.913391,0.91253894
5,1999,16,1217.226789,0.544286771
5,2000,17,1215.912792,0.534139638
5,2001,18,1034.892843,-0.863758011
5,2002,19,1256.398861,0.846786837
5,2003,20,1169.206471,0.173457531
5,2004,21,1142.52794,-0.032563166
5,2005,22,1218.501884,0.55413349
5,2006,23,1077.258514,-0.536595884
5,2007,24,1178.972013,0.248870373
5,2008,25,1109.941908,-0.284203594
5,2009,26,1080.721614,-0.509852648
5,2010,27,880.5291722,-2.055806806
5,2011,28,1069.674612,-0.595161357
5,2012,29,1197.650465,0.39311173
5,2013,30,914.6012811,-1.792690386
5,2014,31,1042.202,-0.807314216
5,2015,32,969.0315607,-1.372361245
5,2016,33,1004.927761,-1.095158567
5,2017,34,1089.74099,-0.440201952
5,2018,35,876.2197786,-2.08908541
6,1984,1,1082.036549,-0.499698268
6,1985,2,1044.779732,-0.787408088
6,1986,3,952.140688,-1.502798312
6,1987,4,1082.323785,-0.497480134
6,1988,5,1203.930824,0.441610801
6,1989,6,1242.476859,0.739276398
6,1990,7,1262.594378,0.894630732
6,1991,8,1111.270951,-0.273940268
6,1992,9,1219.425602,0.561266749
6,1993,10,1229.872547,0.641941614
6,1994,11,1092.187895,-0.42130612
6,1995,12,1143.52977,-0.024826693
6,1996,13,1079.207522,-0.521544976
6,1997,14,1202.568598,0.431091227
6,1998,15,1220.07408,0.56627452
6,1999,16,1154.842821,0.062536542
6,2000,17,1151.244684,0.034750499
6,2001,18,974.3956228,-1.330938132
6,2002,19,1200.403857,0.414374363
6,2003,20,1101.772333,-0.347291826
6,2004,21,1073.235355,-0.567664083
6,2005,22,1154.114722,0.056913909
6,2006,23,1008.646726,-1.066439457
6,2007,24,1119.329448,-0.211709816
6,2008,25,1048.99488,-0.754857279
6,2009,26,1016.781927,-1.003616664
6,2010,27,809.3483068,-2.605489671
6,2011,28,1011.732765,-1.04260801
6,2012,29,1153.952978,0.055664872
6,2013,30,849.3716519,-2.29641578
6,2014,31,989.8558206,-1.211549223
6,2015,32,905.0385869,-1.866536765
6,2016,33,949.4824893,-1.523325826
6,2017,34,1040.716204,-0.818788038
6,2018,35,811.8932207,-2.58583698
7,1984,1,1114.469801,-0.249237661
7,1985,2,1079.863911,-0.516476119
7,1986,3,977.4975851,-1.306983723
7,1987,4,1107.18452,-0.30549708
7,1988,5,1227.496385,0.623592083
7,1989,6,1272.874077,0.974014063
7,1990,7,1303.538095,1.210812048
7,1991,8,1136.215743,-0.081308096
7,1992,9,1242.695456,0.740964481
7,1993,10,1258.915864,0.866223992
7,1994,11,1127.199383,-0.150935498
7,1995,12,1180.915511,0.263878725
7,1996,13,1108.886995,-0.292349987
7,1997,14,1240.687889,0.725461365
7,1998,15,1249.029849,0.789880825
7,1999,16,1186.668491,0.308305193
7,2000,17,1171.160325,0.188545855
7,2001,18,1007.363117,-1.076351923
7,2002,19,1230.376292,0.645831709
7,2003,20,1128.447012,-0.141300878
7,2004,21,1102.073971,-0.344962477
7,2005,22,1169.977471,0.179411458
7,2006,23,1030.731015,-0.895897059
7,2007,24,1145.69658,-0.008093845
7,2008,25,1082.676931,-0.494753024
7,2009,26,1039.65355,-0.826994208
7,2010,27,840.1533656,-2.367602524
7,2011,28,1040.867613,-0.8176188
7,2012,29,1175.79306,0.224321416
7,2013,30,869.3850715,-2.141865344
7,2014,31,1020.497371,-0.97492474
7,2015,32,928.0596496,-1.688760285
7,2016,33,973.1592227,-1.340486034
7,2017,34,1068.813539,-0.601810851
7,2018,35,838.2412273,-2.382368706
8,1984,1,1093.773243,-0.409063523
8,1985,2,1065.431747,-0.6279262
8,1986,3,960.8945023,-1.435198379
8,1987,4,1085.35568,-0.474066809
8,1988,5,1211.781285,0.502234732
8,1989,6,1264.521245,0.909510653
8,1990,7,1294.503124,1.141040927
8,1991,8,1116.850687,-0.230851649
8,1992,9,1230.188029,0.644377872
8,1993,10,1244.999295,0.75875551
8,1994,11,1108.267543,-0.297133607
8,1995,12,1162.927064,0.124965814
8,1996,13,1093.415053,-0.411829588
8,1997,14,1228.439496,0.630875112
8,1998,15,1245.190528,0.760232279
8,1999,16,1169.448716,0.175328234
8,2000,17,1162.209063,0.119421165
8,2001,18,990.6555265,-1.205373622
8,2002,19,1216.544265,0.539016089
8,2003,20,1109.552235,-0.28721278
8,2004,21,1088.153207,-0.452463356
8,2005,22,1157.844921,0.08571978
8,2006,23,1016.436936,-1.006280807
8,2007,24,1137.673672,-0.070049471
8,2008,25,1065.443151,-0.627838134
8,2009,26,1022.639194,-0.958384854
8,2010,27,832.4363224,-2.427196158
8,2011,28,1034.033787,-0.870391936
8,2012,29,1157.375303,0.082093223
8,2013,30,849.6331662,-2.294396278
8,2014,31,1015.76906,-1.01143837
8,2015,32,911.987784,-1.8128727
8,2016,33,964.3024563,-1.408880998
8,2017,34,1058.900956,-0.678359195
8,2018,35,822.574389,-2.503353364
9,1984,1,1167.734564,0.162090968
9,1985,2,1113.838412,-0.254113463
9,1986,3,1031.72862,-0.888193213
9,1987,4,1155.512348,0.067706857
9,1988,5,1268.004344,0.936408329
9,1989,6,1298.852373,1.174627308
9,1990,7,1314.182572,1.293012318
9,1991,8,1168.144905,0.165259762
9,1992,9,1290.567853,1.110651423
9,1993,10,1297.254074,1.162284697
9,1994,11,1170.625966,0.184419356
9,1995,12,1221.850019,0.579988927
9,1996,13,1123.820494,-0.177028425
9,1997,14,1246.88652,0.773329308
9,1998,15,1260.810278,0.880853305
9,1999,16,1238.41846,0.707936064
9,2000,17,1218.466835,0.553862823
9,2001,18,1043.455527,-0.797634054
9,2002,19,1265.539353,0.917372828
9,2003,20,1175.540454,0.222370704
9,2004,21,1156.409875,0.074637862
9,2005,22,1217.042914,0.542866824
9,2006,23,1078.965894,-0.523410912
9,2007,24,1179.662148,0.254199824
9,2008,25,1116.989786,-0.229777477
9,2009,26,1092.46732,-0.419148305
9,2010,27,861.1356161,-2.205570446
9,2011,28,1063.778712,-0.640691497
9,2012,29,1208.412426,0.476219258
9,2013,30,921.6782481,-1.738039638
9,2014,31,1035.21526,-0.861268196
9,2015,32,974.2783677,-1.331843615
9,2016,33,1002.7179,-1.11222387
9,2017,34,1091.476023,-0.426803435
9,2018,35,875.9958899,-2.090814354
10,1984,1,1312.423507,1.279428223
10,1985,2,1279.128783,1.022315032
10,1986,3,1190.825815,0.340409464
10,1987,4,1295.813469,1.151159852
10,1988,5,1389.435776,1.87414317
10,1989,6,1410.769641,2.038890531
10,1990,7,1416.257328,2.08126832
10,1991,8,1302.504081,1.202827035
10,1992,9,1418.114892,2.095613061
10,1993,10,1398.558646,1.944593076
10,1994,11,1298.48533,1.171792871
10,1995,12,1333.344615,1.440988139
10,1996,13,1267.858651,0.935283239
10,1997,14,1365.172575,1.686774476
10,1998,15,1382.111858,1.817585379
10,1999,16,1358.1394,1.632461904
10,2000,17,1349.144615,1.563001112
10,2001,18,1206.381784,0.460537948
10,2002,19,1391.763491,1.892118577
10,2003,20,1317.083474,1.31541407
10,2004,21,1310.248171,1.262629533
10,2005,22,1324.037429,1.369114881
10,2006,23,1241.577148,0.732328529
10,2007,24,1308.69524,1.250637277
10,2008,25,1244.197931,0.752567106
10,2009,26,1224.259149,0.598593048
10,2010,27,1053.611223,-0.719208312
10,2011,28,1194.445703,0.368363472
10,2012,29,1289.8688,1.105253095
10,2013,30,1062.415734,-0.651216878
10,2014,31,1149.002475,0.017435397
10,2015,32,1100.744703,-0.355227536
10,2016,33,1123.46538,-0.179770739
10,2017,34,1201.368498,0.421823646
10,2018,35,1020.583548,-0.974259254
11,1984,1,1168.181832,0.165544925
11,1985,2,1105.647324,-0.317367827
11,1986,3,1021.300418,-0.968723343
11,1987,4,1148.269647,0.011776252
11,1988,5,1265.766066,0.919123586
11,1989,6,1301.79325,1.197337762
11,1990,7,1321.587564,1.350196186
11,1991,8,1163.400042,0.128618308
11,1992,9,1283.909828,1.059235884
11,1993,10,1293.339047,1.132051526
11,1994,11,1174.388089,0.213471751
11,1995,12,1227.496468,0.623592725
11,1996,13,1114.080439,-0.252244449
11,1997,14,1247.66009,0.779303073
11,1998,15,1258.132683,0.860176001
11,1999,16,1235.453883,0.685042595
11,2000,17,1205.104788,0.450676551
11,2001,18,1039.169787,-0.830729991
11,2002,19,1265.738376,0.918909752
11,2003,20,1165.762119,0.146859071
11,2004,21,1148.990836,0.017345516
11,2005,22,1200.378474,0.414178349
11,2006,23,1065.102978,-0.630465071
11,2007,24,1172.680419,0.200284539
11,2008,25,1121.535895,-0.194670881
11,2009,26,1080.778508,-0.509413293
11,2010,27,840.0095491,-2.368713124
11,2011,28,1050.912288,-0.740050406
11,2012,29,1208.425226,0.476318102
11,2013,30,915.3006122,-1.787289913
11,2014,31,1034.319632,-0.86818454
11,2015,32,968.3252315,-1.377815759
11,2016,33,998.4679346,-1.145043548
11,2017,34,1086.978287,-0.461536487
11,2018,35,869.5925376,-2.14026322
12,1984,1,1251.706918,0.810554061
12,1985,2,1188.907533,0.325595836
12,1986,3,1095.882393,-0.392775949
12,1987,4,1219.423967,0.561254124
12,1988,5,1337.7467,1.474982536
12,1989,6,1372.044934,1.739845171
12,1990,7,1389.398941,1.873858721
12,1991,8,1233.945538,0.673394637
12,1992,9,1347.69948,1.551841285
12,1993,10,1347.389073,1.549444221
12,1994,11,1252.105253,0.813630136
12,1995,12,1298.333836,1.170622988
12,1996,13,1184.510403,0.291639702
12,1997,14,1310.467344,1.264322063
12,1998,15,1321.459771,1.349209327
12,1999,16,1299.824841,1.182137037
12,2000,17,1266.486127,0.924684141
12,2001,18,1123.801529,-0.177174879
12,2002,19,1335.232589,1.455567712
12,2003,20,1240.389986,0.723160858
12,2004,21,1229.332175,0.637768676
12,2005,22,1249.349367,0.792348248
12,2006,23,1139.003517,-0.059779954
12,2007,24,1240.350658,0.722857153
12,2008,25,1201.253555,0.420936024
12,2009,26,1146.049072,-0.00537178
12,2010,27,929.5586438,-1.677184541
12,2011,28,1118.12322,-0.221024713
12,2012,29,1260.109575,0.875442236
12,2013,30,990.0492788,-1.210055273
12,2014,31,1101.101152,-0.352474915
12,2015,32,1032.987596,-0.878470976
12,2016,33,1066.604188,-0.618872216
12,2017,34,1150.477729,0.028827816
12,2018,35,947.2542619,-1.540532957
13,1984,1,1185.069537,0.295957524
13,1985,2,1122.420322,-0.187841029
13,1986,3,1035.543297,-0.858734979
13,1987,4,1163.926099,0.132680706
13,1988,5,1279.873544,1.028066332
13,1989,6,1316.66133,1.31215413
13,1990,7,1346.446619,1.542166266
13,1991,8,1181.372663,0.267409007
13,1992,9,1295.501615,1.148751612
13,1993,10,1308.240554,1.247126031
13,1994,11,1194.32576,0.367437229
13,1995,12,1245.893995,0.765664687
13,1996,13,1133.21114,-0.104510663
13,1997,14,1270.802225,0.95801452
13,1998,15,1274.532511,0.986821056
13,1999,16,1246.155985,0.767687865
13,2000,17,1213.832363,0.518073852
13,2001,18,1055.46424,-0.704898684
13,2002,19,1282.31544,1.046923484
13,2003,20,1177.65813,0.238724121
13,2004,21,1159.192305,0.096124732
13,2005,22,1208.780998,0.479065499
13,2006,23,1074.288377,-0.559532287
13,2007,24,1183.247366,0.281886099
13,2008,25,1141.847087,-0.037820944
13,2009,26,1090.544548,-0.433996603
13,2010,27,845.0534836,-2.329762145
13,2011,28,1061.951048,-0.654805347
13,2012,29,1224.823113,0.602948166
13,2013,30,928.9129285,-1.682170974
13,2014,31,1053.373605,-0.72104328
13,2015,32,977.8137967,-1.304541829
13,2016,33,1010.271543,-1.053892064
13,2017,34,1104.106205,-0.329268876
13,2018,35,885.1224318,-2.020336092
14,1984,1,1214.199567,0.520909528
14,1985,2,1149.948772,0.024743024
14,1986,3,1057.86209,-0.686381667
14,1987,4,1188.928975,0.325761419
14,1988,5,1304.174042,1.215723042
14,1989,6,1340.258153,1.494376832
14,1990,7,1369.555925,1.720624191
14,1991,8,1202.450987,0.430182997
14,1992,9,1315.120972,1.300258967
14,1993,10,1323.465467,1.36469799
14,1994,11,1218.789317,0.556353145
14,1995,12,1268.662527,0.941491044
14,1996,13,1155.054811,0.064173596
14,1997,14,1291.853301,1.120578088
14,1998,15,1293.998175,1.137141535
14,1999,16,1266.953742,0.928295222
14,2000,17,1231.507264,0.654565456
14,2001,18,1085.086237,-0.476147541
14,2002,19,1305.128455,1.223093349
14,2003,20,1205.470383,0.453499804
14,2004,21,1185.556831,0.299720574
14,2005,22,1222.353819,0.58387944
14,2006,23,1096.96978,-0.384378775
14,2007,24,1205.635356,0.454773779
14,2008,25,1168.864268,0.170814924
14,2009,26,1110.491364,-0.279960507
14,2010,27,878.959838,-2.067925738
14,2011,28,1086.663601,-0.463966598
14,2012,29,1241.326048,0.730389452
14,2013,30,951.7654302,-1.50569618
14,2014,31,1073.999174,-0.561765616
14,2015,32,997.9266267,-1.149223712
14,2016,33,1031.903748,-0.886840818
14,2017,34,1124.894586,-0.168733921
14,2018,35,909.0101994,-1.835866622
15,1984,1,1193.711178,0.362691219
15,1985,2,1138.555533,-0.063239443
15,1986,3,1037.966373,-0.840023169
15,1987,4,1176.640917,0.230868853
15,1988,5,1283.413113,1.055400086
15,1989,6,1322.924478,1.360520293
15,1990,7,1357.259004,1.625663187
15,1991,8,1185.59431,0.30001
15,1992,9,1296.538381,1.156757871
15,1993,10,1306.264301,1.231864735
15,1994,11,1202.354946,0.429441338
15,1995,12,1250.782864,0.803418198
15,1996,13,1146.462913,-0.00217596
15,1997,14,1284.304829,1.06228622
15,1998,15,1281.514188,1.040735937
15,1999,16,1247.190974,0.775680406
15,2000,17,1213.346332,0.514320559
15,2001,18,1070.71035,-0.587163031
15,2002,19,1288.169162,1.092127913
15,2003,20,1191.057695,0.342200117
15,2004,21,1163.704386,0.130968563
15,2005,22,1207.305649,0.467672346
15,2006,23,1078.206165,-0.529277797
15,2007,24,1187.509135,0.314796928
15,2008,25,1152.976201,0.048121867
15,2009,26,1087.533083,-0.457252162
15,2010,27,863.6865647,-2.185871152
15,2011,28,1073.765577,-0.563569533
15,2012,29,1229.805473,0.641423647
15,2013,30,935.6540242,-1.63011394
15,2014,31,1059.114379,-0.676711065
15,2015,32,979.9097569,-1.288356112
15,2016,33,1016.217929,-1.007972048
15,2017,34,1113.66617,-0.255443576
15,2018,35,892.5455656,-1.963012127
16,1984,1,1296.156791,1.153811104
16,1985,2,1261.163903,0.883584117
16,1986,3,1139.652578,-0.054767689
16,1987,4,1278.806313,1.019824806
16,1988,5,1368.165216,1.70988467
16,1989,6,1407.587654,2.014318145
16,1990,7,1428.860233,2.178592242
16,1991,8,1271.751653,0.965346325
16,1992,9,1383.599816,1.829075897
16,1993,10,1381.744202,1.814746216
16,1994,11,1306.935701,1.237049516
16,1995,12,1342.551895,1.512089887
16,1996,13,1234.134583,0.674854506
16,1997,14,1353.932882,1.59997774
16,1998,15,1363.31254,1.672410649
16,1999,16,1340.532144,1.49649268
16,2000,17,1299.912146,1.182811236
16,2001,18,1178.82048,0.24770018
16,2002,19,1366.980006,1.700732071
16,2003,20,1288.273424,1.092933062
16,2004,21,1267.983877,0.936250273
16,2005,22,1289.019529,1.098694742
16,2006,23,1181.338482,0.267145051
16,2007,24,1275.372006,0.99330392
16,2008,25,1246.129562,0.767483817
16,2009,26,1170.081508,0.180214862
16,2010,27,976.6327406,-1.313662347
16,2011,28,1154.577544,0.060487976
16,2012,29,1298.287037,1.170261592
16,2013,30,1040.026271,-0.82411593
16,2014,31,1128.121308,-0.143816076
16,2015,32,1071.978853,-0.577367224
16,2016,33,1106.46656,-0.311041413
16,2017,34,1184.812915,0.293975806
16,2018,35,992.1355481,-1.193944392
17,1984,1,1229.674409,0.64041153
17,1985,2,1182.441673,0.27566427
17,1986,3,1072.51656,-0.573214863
17,1987,4,1213.158948,0.512873513
17,1988,5,1314.443778,1.295029441
17,1989,6,1354.540638,1.604671037
17,1990,7,1382.27139,1.818817343
17,1991,8,1215.27921,0.529246897
17,1992,9,1323.91116,1.368139788
17,1993,10,1329.185943,1.408873453
17,1994,11,1237.55186,0.70124388
17,1995,12,1280.855431,1.035648792
17,1996,13,1178.51015,0.245303704
17,1997,14,1309.165116,1.254265813
17,1998,15,1308.95698,1.252658523
17,1999,16,1276.51387,1.002121785
17,2000,17,1243.154345,0.744508181
17,2001,18,1109.762892,-0.285586014
17,2002,19,1314.365229,1.294422857
17,2003,20,1226.133697,0.613068941
17,2004,21,1199.468155,0.407148556
17,2005,22,1233.896977,0.673019632
17,2006,23,1113.689315,-0.255264842
17,2007,24,1215.75099,0.532890147
17,2008,25,1185.958674,0.302823742
17,2009,26,1112.572777,-0.263887125
17,2010,27,904.3462392,-1.87188331
17,2011,28,1102.390297,-0.342519702
17,2012,29,1251.740059,0.810809981
17,2013,30,972.0485605,-1.349062945
17,2014,31,1081.591655,-0.503133893
17,2015,32,1011.527891,-1.044190117
17,2016,33,1047.403829,-0.76714392
17,2017,34,1139.497593,-0.055964533
17,2018,35,926.2194441,-1.702970978
18,1984,1,1195.774183,0.378622445
18,1985,2,1150.988903,0.032775271
18,1986,3,1036.664994,-0.850072861
18,1987,4,1186.238352,0.304983511
18,1988,5,1279.78616,1.027391519
18,1989,6,1324.853238,1.375414832
18,1990,7,1358.209205,1.633000959
18,1991,8,1184.535075,0.291830227
18,1992,9,1297.219496,1.162017673
18,1993,10,1302.803269,1.205137473
18,1994,11,1209.488223,0.484526931
18,1995,12,1254.158464,0.829485731
18,1996,13,1152.026354,0.04078682
18,1997,14,1288.306007,1.093184681
18,1998,15,1280.500047,1.032904396
18,1999,16,1247.798549,0.780372303
18,2000,17,1211.68526,0.501493194
18,2001,18,1079.665023,-0.518011998
18,2002,19,1286.618822,1.080155659
18,2003,20,1194.243586,0.366802657
18,2004,21,1162.694785,0.123172076
18,2005,22,1205.041284,0.450186151
18,2006,23,1079.68226,-0.517878894
18,2007,24,1185.362048,0.298216398
18,2008,25,1154.364178,0.058840296
18,2009,26,1078.800196,-0.524690491
18,2010,27,866.6051031,-2.163333205
18,2011,28,1076.920356,-0.539207253
18,2012,29,1230.813677,0.649209344
18,2013,30,940.5491763,-1.592311909
18,2014,31,1054.56969,-0.711806701
18,2015,32,979.5885722,-1.290836409
18,2016,33,1017.539837,-0.997763827
18,2017,34,1116.016908,-0.237290377
18,2018,35,894.431165,-1.948450886
19,1984,1,1216.584202,0.539324493
19,1985,2,1176.016309,0.226045422
19,1986,3,1054.597883,-0.711588988
19,1987,4,1208.962095,0.480463993
19,1988,5,1296.027404,1.152811932
19,1989,6,1341.3073,1.502478699
19,1990,7,1376.336021,1.772982399
19,1991,8,1199.680201,0.408786043
19,1992,9,1316.528365,1.31112733
19,1993,10,1319.211917,1.33185063
19,1994,11,1233.786629,0.67216749
19,1995,12,1277.309059,1.008262508
19,1996,13,1165.29928,0.143284872
19,1997,14,1302.281857,1.201110945
19,1998,15,1295.511518,1.148828088
19,1999,16,1268.422197,0.939635131
19,2000,17,1226.945512,0.619338053
19,2001,18,1101.300831,-0.350932928
19,2002,19,1301.003638,1.191240103
19,2003,20,1213.05377,0.512061295
19,2004,21,1180.174788,0.258158611
19,2005,22,1221.222535,0.575143283
19,2006,23,1097.688218,-0.378830758
19,2007,24,1200.768616,0.417191153
19,2008,25,1175.16107,0.219440974
19,2009,26,1094.312484,-0.404899323
19,2010,27,878.473855,-2.071678664
19,2011,28,1087.922023,-0.454248635
19,2012,29,1248.970471,0.789422281
19,2013,30,960.6831023,-1.436830882
19,2014,31,1066.149722,-0.62238175
19,2015,32,997.2898606,-1.154141036
19,2016,33,1033.599466,-0.873745908
19,2017,34,1130.68784,-0.123996445
19,2018,35,913.4422286,-1.801640984
20,1984,1,1125.905889,-0.160924296
20,1985,2,1078.736242,-0.52518436
20,1986,3,987.7276669,-1.22798355
20,1987,4,1119.449214,-0.21078494
20,1988,5,1235.112973,0.682409967
20,1989,6,1267.900098,0.935603302
20,1990,7,1295.083515,1.145522899
20,1991,8,1143.091744,-0.028209278
20,1992,9,1248.993171,0.789597579
20,1993,10,1263.807605,0.903999678
20,1994,11,1134.483235,-0.094687114
20,1995,12,1186.025062,0.303336412
20,1996,13,1104.754305,-0.324264027
20,1997,14,1233.804079,0.672302246
20,1998,15,1239.369073,0.715277023
20,1999,16,1193.677979,0.362434847
20,2000,17,1176.501735,0.229794042
20,2001,18,1006.958813,-1.079474094
20,2002,19,1232.200695,0.659920364
20,2003,20,1138.885426,-0.060691898
20,2004,21,1105.534521,-0.318238931
20,2005,22,1182.507819,0.27617507
20,2006,23,1034.370999,-0.867787868
20,2007,24,1144.230663,-0.019414158
20,2008,25,1086.480654,-0.465379378
20,2009,26,1048.762198,-0.756654133
20,2010,27,819.1646398,-2.529684608
20,2011,28,1034.558005,-0.866343739
20,2012,29,1184.975015,0.295227594
20,2013,30,885.2307076,-2.01949995
20,2014,31,1012.573442,-1.036116019
20,2015,32,931.5935335,-1.66147043
20,2016,33,970.178412,-1.363504869
20,2017,34,1066.228833,-0.621770834
20,2018,35,841.0734533,-2.360497294
21,1984,1,1114.162048,-0.251614236
21,1985,2,1070.724279,-0.587055466
21,1986,3,976.4883073,-1.31477771
21,1987,4,1108.814125,-0.292912713
21,1988,5,1226.389675,0.615045696
21,1989,6,1262.50173,0.893915273
21,1990,7,1289.553906,1.102821382
21,1991,8,1135.212977,-0.0890518
21,1992,9,1240.211639,0.721783601
21,1993,10,1254.376974,0.831173143
21,1994,11,1123.902417,-0.176395786
21,1995,12,1176.31994,0.228390161
21,1996,13,1100.670387,-0.355801431
21,1997,14,1229.372646,0.638081206
21,1998,15,1236.614107,0.694002235
21,1999,16,1183.259779,0.281981959
21,2000,17,1167.869818,0.163135443
21,2001,18,999.2325072,-1.139139258
21,2002,19,1224.520645,0.600612408
21,2003,20,1128.23564,-0.142933168
21,2004,21,1095.616361,-0.394830336
21,2005,22,1171.353117,0.190034665
21,2006,23,1026.962937,-0.924995443
21,2007,24,1137.141389,-0.074159945
21,2008,25,1077.093463,-0.537870459
21,2009,26,1038.06305,-0.839276591
21,2010,27,818.9231078,-2.5315498
21,2011,28,1029.155038,-0.908067295
21,2012,29,1176.417501,0.229143562
21,2013,30,875.2163437,-2.096834276
21,2014,31,1007.543587,-1.07495827
21,2015,32,923.6229553,-1.723021948
21,2016,33,964.9779866,-1.403664323
21,2017,34,1059.917435,-0.670509598
21,2018,35,833.3686251,-2.419996599
22,1984,1,1142.13029,-0.035633953
22,1985,2,1097.482135,-0.380422197
22,1986,3,999.2132158,-1.139288233
22,1987,4,1132.096063,-0.113121667
22,1988,5,1248.221841,0.783641112
22,1989,6,1287.89033,1.089974679
22,1990,7,1320.870098,1.344655672
22,1991,8,1154.645952,0.061016249
22,1992,9,1261.776101,0.888311718
22,1993,10,1276.535353,1.00228768
22,1994,11,1151.775428,0.038849088
22,1995,12,1204.507778,0.446066235
22,1996,13,1124.848098,-0.169092921
22,1997,14,1255.766033,0.841899925
22,1998,15,1261.970321,0.889811546
22,1999,16,1208.586125,0.477560624
22,2000,17,1187.740167,0.316581039
22,2001,18,1024.424985,-0.944594368
22,2002,19,1250.960891,0.804792983
22,2003,20,1151.93445,0.040077106
22,2004,21,1121.10466,-0.198001025
22,2005,22,1189.000932,0.3263171
22,2006,23,1048.428189,-0.759233459
22,2007,24,1159.678874,0.099882182
22,2008,25,1106.131285,-0.313630517
22,2009,26,1056.902915,-0.693788746
22,2010,27,846.0932683,-2.321732574
22,2011,28,1050.73202,-0.741442494
22,2012,29,1196.503504,0.384254508
22,2013,30,894.8320389,-1.945355202
22,2014,31,1032.637277,-0.88117626
22,2015,32,944.6424237,-1.56070246
22,2016,33,987.5319837,-1.229494683
22,2017,34,1084.204001,-0.482960464
22,2018,35,855.5457605,-2.248737212
23,1984,1,1146.785127,0.000312282
23,1985,2,1107.692331,-0.301575593
23,1986,3,1000.463631,-1.129632101
23,1987,4,1134.995709,-0.090729615
23,1988,5,1247.957812,0.781602186
23,1989,6,1295.912056,1.151921177
23,1990,7,1336.110309,1.46234577
23,1991,8,1151.722411,0.038439671
23,1992,9,1265.236853,0.915036822
23,1993,10,1281.010871,1.03684916
23,1994,11,1162.011031,0.117891898
23,1995,12,1214.396033,0.522426709
23,1996,13,1132.842605,-0.107356616
23,1997,14,1267.575215,0.933094449
23,1998,15,1272.371374,0.970132022
23,1999,16,1217.56223,0.546877161
23,2000,17,1190.567331,0.338413366
23,2001,18,1035.868446,-0.856224073
23,2002,19,1261.326339,0.884838505
23,2003,20,1158.602305,0.091568557
23,2004,21,1128.984503,-0.137150193
23,2005,22,1187.488266,0.314635773
23,2006,23,1051.329769,-0.736826477
23,2007,24,1166.820066,0.1550289
23,2008,25,1117.164695,-0.22842677
23,2009,26,1056.820678,-0.694423804
23,2010,27,859.5562607,-2.217766765
23,2011,28,1063.397165,-0.643637937
23,2012,29,1197.813625,0.39437171
23,2013,30,894.9334401,-1.944572147
23,2014,31,1044.914196,-0.786369713
23,2015,32,948.0699549,-1.534233898
23,2016,33,993.4257907,-1.183980699
23,2017,34,1094.432897,-0.403969451
23,2018,35,861.3832507,-2.203658127
24,1984,1,1163.835407,0.131980345
24,1985,2,1115.470498,-0.241509939
24,1986,3,1015.347651,-1.014692636
24,1987,4,1150.602596,0.029792079
24,1988,5,1262.885723,0.896880593
24,1989,6,1304.83452,1.220823483
24,1990,7,1341.202157,1.501666751
24,1991,8,1166.413585,0.151889917
24,1992,9,1277.426304,1.009167906
24,1993,10,1291.313164,1.116406966
24,1994,11,1173.025233,0.202947315
24,1995,12,1225.348433,0.607004865
24,1996,13,1138.756086,-0.061690702
24,1997,14,1273.021152,0.975149824
24,1998,15,1276.289648,1.000390263
24,1999,16,1226.967384,0.619506956
24,2000,17,1200.636979,0.416174611
24,2001,18,1042.192817,-0.807385124
24,2002,19,1269.129264,0.945095345
24,2003,20,1169.126604,0.17284077
24,2004,21,1138.432961,-0.064185984
24,2005,22,1199.696073,0.408908615
24,2006,23,1061.240861,-0.660289651
24,2007,24,1172.744858,0.20078216
24,2008,25,1126.557135,-0.155895155
24,2009,26,1069.142171,-0.599273041
24,2010,27,857.4081918,-2.234354884
24,2011,28,1063.315075,-0.644271861
24,2012,29,1211.101043,0.496981673
24,2013,30,910.9077153,-1.821213358
24,2014,31,1047.396883,-0.767197558
24,2015,32,957.8058714,-1.459049838
24,2016,33,1001.077803,-1.124889257
24,2017,34,1099.595437,-0.364102563
24,2018,35,870.2587348,-2.135118618
25,1984,1,1166.108963,0.149537525
25,1985,2,1116.308452,-0.235038968
25,1986,3,1018.168994,-0.992905266
25,1987,4,1152.734264,0.046253546
25,1988,5,1263.917214,0.904846118
25,1989,6,1303.640966,1.211606448
25,1990,7,1339.307792,1.487037818
25,1991,8,1168.034074,0.16440388
25,1992,9,1278.801201,1.01978533
25,1993,10,1292.337496,1.124317208
25,1994,11,1175.286785,0.220411786
25,1995,12,1226.927823,0.619201453
25,1996,13,1136.054987,-0.082549508
25,1997,14,1270.722425,0.957398273
25,1998,15,1272.514969,0.971240906
25,1999,16,1226.743543,0.617778381
25,2000,17,1198.597081,0.400421825
25,2001,18,1043.536904,-0.797005632
25,2002,19,1268.910145,0.943403231
25,2003,20,1169.161961,0.173113809
25,2004,21,1140.201802,-0.050526395
25,2005,22,1198.702274,0.401234157
25,2006,23,1062.262201,-0.65240251
25,2007,24,1171.501627,0.191181507
25,2008,25,1128.967924,-0.137278219
25,2009,26,1072.242067,-0.575334591
25,2010,27,850.5815999,-2.28707215
25,2011,28,1059.567391,-0.673212756
25,2012,29,1213.272988,0.513754169
25,2013,30,914.7410061,-1.791611382
25,2014,31,1046.142361,-0.776885401
25,2015,32,958.6773223,-1.452320197
25,2016,33,1000.286149,-1.131002679
25,2017,34,1098.791709,-0.370309223
25,2018,35,872.9165932,-2.114593731
26,1984,1,1159.934703,0.101857785
26,1985,2,1118.973373,-0.214459546
26,1986,3,1004.9996,-1.094603806
26,1987,4,1149.271432,0.019512378
26,1988,5,1249.624445,0.794472496
26,1989,6,1299.82458,1.182135019
26,1990,7,1337.502187,1.473094322
26,1991,8,1154.207484,0.05763025
26,1992,9,1270.377934,0.954738001
26,1993,10,1280.046623,1.029402901
26,1994,11,1176.803229,0.23212228
26,1995,12,1225.279225,0.60647042
26,1996,13,1134.02538,-0.098222824
26,1997,14,1270.90001,0.958769647
26,1998,15,1263.149941,0.898920974
26,1999,16,1223.791721,0.594983405
26,2000,17,1188.334143,0.321167925
26,2001,18,1049.592604,-0.750241451
26,2002,19,1267.21209,0.93029027
26,2003,20,1165.133384,0.142003766
26,2004,21,1131.374929,-0.11869051
26,2005,22,1182.681398,0.277515504
26,2006,23,1049.864824,-0.748139274
26,2007,24,1162.984074,0.125406063
26,2008,25,1123.468586,-0.179745981
26,2009,26,1055.492303,-0.704681972
26,2010,27,849.7450289,-2.293532436
26,2011,28,1061.936946,-0.654914246
26,2012,29,1204.61831,0.446919801
26,2013,30,906.8200568,-1.852779648
26,2014,31,1042.088772,-0.808188597
26,2015,32,950.6691408,-1.514162099
26,2016,33,994.754278,-1.173721668
26,2017,34,1097.26333,-0.382111882
26,2018,35,866.7707527,-2.162054003
27,1984,1,1126.515371,-0.156217669
27,1985,2,1088.635144,-0.448741677
27,1986,3,974.4446262,-1.33055971
27,1987,4,1116.819749,-0.231090562
27,1988,5,1216.188491,0.536268678
27,1989,6,1273.679524,0.980233997
27,1990,7,1318.369541,1.325345522
27,1991,8,1123.863186,-0.176698747
27,1992,9,1241.728423,0.733496727
27,1993,10,1252.817404,0.81912961
27,1994,11,1158.065342,0.087421942
27,1995,12,1207.1971,0.466834099
27,1996,13,1107.840981,-0.300427662
27,1997,14,1244.07612,0.751626441
27,1998,15,1239.99097,0.720079521
27,1999,16,1205.344266,0.452525879
27,2000,17,1163.795976,0.131675847
27,2001,18,1031.463778,-0.890238416
27,2002,19,1244.036204,0.751318197
27,2003,20,1131.718075,-0.116040619
27,2004,21,1106.818133,-0.308326448
27,2005,22,1153.551071,0.052561209
27,2006,23,1028.435228,-0.913625912
27,2007,24,1146.096036,-0.005009114
27,2008,25,1098.595943,-0.371820994
27,2009,26,1021.28348,-0.96885414
27,2010,27,835.2494814,-2.405471987
27,2011,28,1044.789933,-0.787329312
27,2012,29,1170.341372,0.182221627
27,2013,30,879.4553299,-2.064099381
27,2014,31,1026.487431,-0.92866746
27,2015,32,929.3963077,-1.678438156
27,2016,33,970.1636546,-1.363618831
27,2017,34,1075.59843,-0.549415617
27,2018,35,844.6416009,-2.332942844
28,1984,1,1156.251357,0.073413734
28,1985,2,1134.030377,-0.098184238
28,1986,3,999.2508309,-1.138997757
28,1987,4,1164.991188,0.140905683
28,1988,5,1234.554941,0.678100656
28,1989,6,1283.78665,1.058284663
28,1990,7,1333.907692,1.445336409
28,1991,8,1144.8449,-0.014670811
28,1992,9,1264.934937,0.912705323
28,1993,10,1265.240729,0.915066756
28,1994,11,1197.559677,0.39241064
28,1995,12,1238.415944,0.707916638
28,1996,13,1121.401326,-0.195710069
28,1997,14,1253.84837,0.82709108
28,1998,15,1243.37773,0.746233232
28,1999,16,1221.694587,0.578788622
28,2000,17,1171.372441,0.190183892
28,2001,18,1069.18422,-0.598948325
28,2002,19,1256.952657,0.851063443
28,2003,20,1160.215392,0.104025363
28,2004,21,1128.974483,-0.137227571
28,2005,22,1151.76591,0.038775589
28,2006,23,1051.93174,-0.732177849
28,2007,24,1160.078997,0.102972071
28,2008,25,1132.594853,-0.109269844
28,2009,26,1035.964257,-0.855484184
28,2010,27,833.0550209,-2.422418358
28,2011,28,1045.76445,-0.779803764
28,2012,29,1202.226428,0.428448873
28,2013,30,917.3760064,-1.771263013
28,2014,31,1027.547326,-0.920482593
28,2015,32,950.9131073,-1.512278107
28,2016,33,986.8190115,-1.235000496
28,2017,34,1089.202343,-0.44436157
28,2018,35,873.7015155,-2.108532294
29,1984,1,1164.650241,0.138272775
29,1985,2,1150.653648,0.030186318
29,1986,3,998.9102082,-1.141628161
29,1987,4,1168.271958,0.166240908
29,1988,5,1233.808445,0.672335956
29,1989,6,1286.446218,1.078822752
29,1990,7,1324.407474,1.371972491
29,1991,8,1136.76671,-0.077053345
29,1992,9,1263.890842,0.904642464
29,1993,10,1262.439246,0.89343275
29,1994,11,1202.167032,0.427990204
29,1995,12,1239.893301,0.719325289
29,1996,13,1111.495512,-0.272206131
29,1997,14,1234.758858,0.679675375
29,1998,15,1238.132349,0.705726618
29,1999,16,1220.710681,0.571190571
29,2000,17,1163.174265,0.126874788
29,2001,18,1070.049108,-0.592269368
29,2002,19,1258.219271,0.860844662
29,2003,20,1165.739039,0.146680841
29,2004,21,1134.676184,-0.093197095
29,2005,22,1141.462131,-0.040793704
29,2006,23,1048.224527,-0.760806207
29,2007,24,1159.919732,0.101742176
29,2008,25,1135.472729,-0.087045901
29,2009,26,1043.74241,-0.795418639
29,2010,27,823.7646038,-2.49416212
29,2011,28,1031.408284,-0.890666959
29,2012,29,1203.123447,0.435375961
29,2013,30,928.9508134,-1.681878415
29,2014,31,1018.115515,-0.993318247
29,2015,32,959.2151458,-1.448166941
29,2016,33,993.0818904,-1.186636414
29,2017,34,1078.562026,-0.526529717
29,2018,35,877.7536129,-2.077240619
30,1984,1,1169.411206,0.175038563
30,1985,2,1155.689411,0.069074198
30,1986,3,1003.769683,-1.10410164
30,1987,4,1172.367695,0.19786958
30,1988,5,1238.23346,0.706507428
30,1989,6,1290.820223,1.11260031
30,1990,7,1328.756458,1.405556824
30,1991,8,1141.15119,-0.043194892
30,1992,9,1267.728584,0.934278813
30,1993,10,1266.361375,0.923720761
30,1994,11,1206.923095,0.46471814
30,1995,12,1244.14237,0.752138048
30,1996,13,1115.972868,-0.237630462
30,1997,14,1238.505857,0.708610972
30,1998,15,1242.237446,0.737427573
30,1999,16,1224.922622,0.603716614
30,2000,17,1167.227909,0.158178401
30,2001,18,1074.717819,-0.556215993
30,2002,19,1262.623118,0.89485267
30,2003,20,1170.235673,0.181405378
30,2004,21,1139.318572,-0.057346995
30,2005,22,1144.931365,-0.014003096
30,2006,23,1052.737065,-0.725958858
30,2007,24,1164.267656,0.135318319
30,2008,25,1139.844771,-0.05328351
30,2009,26,1048.224507,-0.760806362
30,2010,27,828.6231278,-2.456642944
30,2011,28,1035.245607,-0.861033846
30,2012,29,1206.58251,0.462088025
30,2013,30,933.0429911,-1.650277226
30,2014,31,1021.995349,-0.963356845
30,2015,32,963.2547038,-1.416972099
30,2016,33,996.9804595,-1.156530337
30,2017,34,1082.250112,-0.498049061
30,2018,35,881.9607401,-2.044751752
31,1984,1,1444.296643,2.29779745
31,1985,2,1440.634315,2.269515714
31,1986,3,1298.390597,1.171061311
31,1987,4,1406.487805,2.00582474
31,1988,5,1487.58582,2.632091206
31,1989,6,1527.334605,2.939044853
31,1990,7,1535.127857,2.999226996
31,1991,8,1419.797798,2.108609038
31,1992,9,1516.228867,2.853282563
31,1993,10,1499.113757,2.721113859
31,1994,11,1452.513096,2.361247696
31,1995,12,1464.540774,2.454129524
31,1996,13,1378.984082,1.793431628
31,1997,14,1456.603439,2.392834721
31,1998,15,1478.386446,2.561050509
31,1999,16,1458.338431,2.406232916
31,2000,17,1429.283145,2.181858109
31,2001,18,1339.216486,1.486332718
31,2002,19,1497.888924,2.711655282
31,2003,20,1433.029949,2.210792208
31,2004,21,1420.632346,2.115053701
31,2005,22,1395.421816,1.920369404
31,2006,23,1339.370294,1.487520482
31,2007,24,1409.859364,2.03186107
31,2008,25,1377.854511,1.784708698
31,2009,26,1304.820483,1.22071508
31,2010,27,1160.671183,0.107545137
31,2011,28,1282.002111,1.044503845
31,2012,29,1391.187607,1.887671406
31,2013,30,1190.032573,0.334283778
31,2014,31,1238.691487,0.710044473
31,2015,32,1205.901748,0.456830952
31,2016,33,1228.001769,0.627494831
31,2017,34,1288.950251,1.098159753
31,2018,35,1132.060775,-0.113394173
32,1984,1,1150.467168,0.028746259
32,1985,2,1120.830912,-0.200114995
32,1986,3,1014.635848,-1.02018942
32,1987,4,1138.588502,-0.062984847
32,1988,5,1250.496929,0.801210109
32,1989,6,1311.003144,1.268459693
32,1990,7,1344.574247,1.527707174
32,1991,8,1154.989219,0.063667075
32,1992,9,1277.469042,1.009497946
32,1993,10,1283.049095,1.052589017
32,1994,11,1165.04076,0.141288492
32,1995,12,1220.260308,0.567712635
32,1996,13,1147.236254,0.003796041
32,1997,14,1279.006418,1.021370091
32,1998,15,1295.984847,1.152483294
32,1999,16,1220.327145,0.568228776
32,2000,17,1205.501865,0.453742916
32,2001,18,1053.02628,-0.72372544
32,2002,19,1264.848809,0.912040214
32,2003,20,1164.941969,0.140525599
32,2004,21,1143.938783,-0.021668151
32,2005,22,1189.380828,0.329250781
32,2006,23,1076.399634,-0.543228445
32,2007,24,1185.291971,0.297675236
32,2008,25,1124.627065,-0.170799808
32,2009,26,1058.727921,-0.679695428
32,2010,27,898.5808546,-1.916405572
32,2011,28,1086.019747,-0.468938656
32,2012,29,1189.776526,0.332306497
32,2013,30,898.6663739,-1.915745162
32,2014,31,1063.740481,-0.640986736
32,2015,32,956.7928914,-1.466872414
32,2016,33,1009.732307,-1.05805623
32,2017,34,1104.41688,-0.326869737
32,2018,35,876.1016388,-2.089997726
33,1984,1,1315.961801,1.306752132
33,1985,2,1296.787022,1.158677966
33,1986,3,1184.100768,0.288476359
33,1987,4,1270.738873,0.957525292
33,1988,5,1393.372271,1.904542125
33,1989,6,1472.222636,2.513451475
33,1990,7,1491.703064,2.663885971
33,1991,8,1320.707663,1.343401291
33,1992,9,1417.296992,2.089296957
33,1993,10,1410.460797,2.036505537
33,1994,11,1342.526485,1.51189366
33,1995,12,1399.08768,1.948678456
33,1996,13,1308.12377,1.246224191
33,1997,14,1385.457439,1.843421099
33,1998,15,1427.788735,2.170317768
33,1999,16,1381.753425,1.814817439
33,2000,17,1359.075426,1.639690217
33,2001,18,1235.83968,0.688021849
33,2002,19,1428.569152,2.176344418
33,2003,20,1322.12536,1.354349229
33,2004,21,1314.286298,1.293813326
33,2005,22,1292.653908,1.126760652
33,2006,23,1237.501276,0.700853261
33,2007,24,1347.172937,1.547775143
33,2008,25,1295.483239,1.14860971
33,2009,26,1184.822811,0.294052223
33,2010,27,1079.219063,-0.521455856
33,2011,28,1206.213914,0.459241597
33,2012,29,1273.246811,0.976892444
33,2013,30,1079.83048,-0.516734282
33,2014,31,1196.529054,0.384451816
33,2015,32,1116.173753,-0.236079159
33,2016,33,1161.973437,0.117601582
33,2017,34,1238.128359,0.705695805
33,2018,35,1063.967075,-0.639236898
34,1984,1,1138.580344,-0.063047843
34,1985,2,1158.88004,0.093713318
34,1986,3,1080.748966,-0.509641427
34,1987,4,1121.201377,-0.197254141
34,1988,5,1189.503606,0.330198919
34,1989,6,1293.520731,1.133454548
34,1990,7,1273.740548,0.980705251
34,1991,8,1193.107542,0.358029732
34,1992,9,1253.636659,0.825456173
34,1993,10,1193.232295,0.358993122
34,1994,11,1085.412703,-0.473626458
34,1995,12,1102.449249,-0.342064452
34,1996,13,1135.414229,-0.087497661
34,1997,14,1212.911394,0.51096182
34,1998,15,1223.740596,0.594588602
34,1999,16,1157.388817,0.08219759
34,2000,17,1170.868621,0.186293218
34,2001,18,1081.336905,-0.505101157
34,2002,19,1194.849202,0.371479429
34,2003,20,1219.725024,0.563578992
34,2004,21,1167.8715,0.163148431
34,2005,22,1143.915614,-0.021847074
34,2006,23,1103.029031,-0.337587183
34,2007,24,1194.993857,0.372596501
34,2008,25,1100.803668,-0.354772187
34,2009,26,1106.681647,-0.309380434
34,2010,27,1021.338454,-0.968429613
34,2011,28,1089.259114,-0.443923166
34,2012,29,1127.369764,-0.149619757
34,2013,30,949.8941103,-1.520147149
34,2014,31,1085.300041,-0.474496476
34,2015,32,1011.48365,-1.044531767
34,2016,33,994.7352608,-1.173868526
34,2017,34,1095.426416,-0.396297159
34,2018,35,925.5827022,-1.707888116
35,1984,1,1086.643439,-0.4641223
35,1985,2,1109.252102,-0.289530505
35,1986,3,1028.901627,-0.910024219
35,1987,4,1074.420189,-0.558514393
35,1988,5,1153.524931,0.052359341
35,1989,6,1265.14184,0.914303096
35,1990,7,1241.309203,0.730259363
35,1991,8,1129.279755,-0.134870157
35,1992,9,1214.226025,0.521113849
35,1993,10,1181.615869,0.269287124
35,1994,11,1056.677902,-0.695526372
35,1995,12,1062.528264,-0.650347887
35,1996,13,1108.669346,-0.294030744
35,1997,14,1189.524207,0.330358005
35,1998,15,1202.369346,0.429552539
35,1999,16,1128.598793,-0.140128779
35,2000,17,1154.32171,0.058512342
35,2001,18,1002.561492,-1.113431704
35,2002,19,1144.504639,-0.017298417
35,2003,20,1152.965099,0.04803613
35,2004,21,1111.970849,-0.268535416
35,2005,22,1133.753292,-0.100323979
35,2006,23,1025.288265,-0.937927832
35,2007,24,1168.840473,0.170631169
35,2008,25,1036.509674,-0.851272292
35,2009,26,1057.078209,-0.692435062
35,2010,27,947.0309372,-1.542257546
35,2011,28,1043.505485,-0.797248261
35,2012,29,1100.784492,-0.354920273
35,2013,30,866.9109609,-2.160971267
35,2014,31,1043.057986,-0.800704
35,2015,32,967.5039778,-1.384157759
35,2016,33,945.5587457,-1.55362631
35,2017,34,1046.556145,-0.773690021
35,2018,35,843.5692527,-2.341223881
36,1984,1,1109.395746,-0.288421238
36,1985,2,1137.523076,-0.071212428
36,1986,3,1050.551016,-0.74284027
36,1987,4,1092.937308,-0.415518898
36,1988,5,1175.932531,0.225398455
36,1989,6,1279.574707,1.025758609
36,1990,7,1255.760713,0.84185884
36,1991,8,1159.87434,0.101391638
36,1992,9,1229.93382,0.642414785
36,1993,10,1182.079913,0.272870633
36,1994,11,1065.461032,-0.627700054
36,1995,12,1087.972296,-0.453860414
36,1996,13,1115.475828,-0.24146878
36,1997,14,1195.871371,0.379372961
36,1998,15,1212.860013,0.510565036
36,1999,16,1143.864224,-0.022243923
36,2000,17,1159.671714,0.099826893
36,2001,18,1051.777908,-0.733365794
36,2002,19,1170.124647,0.180547999
36,2003,20,1188.778113,0.324596409
36,2004,21,1139.003586,-0.059779421
36,2005,22,1136.45881,-0.079431048
36,2006,23,1073.057608,-0.56903671
36,2007,24,1182.855716,0.278861646
36,2008,25,1074.233856,-0.559953317
36,2009,26,1080.472848,-0.511773702
36,2010,27,995.8624026,-1.165164353
36,2011,28,1064.221028,-0.637275782
36,2012,29,1108.949728,-0.291865546
36,2013,30,916.3979175,-1.778816149
36,2014,31,1062.675586,-0.649210212
36,2015,32,989.5607594,-1.213827786
36,2016,33,976.655449,-1.313486985
36,2017,34,1073.659908,-0.564385538
36,2018,35,895.4906594,-1.94026911
37,1984,1,1194.525715,0.368981353
37,1985,2,1190.296433,0.336321397
37,1986,3,1128.791994,-0.138636809
37,1987,4,1183.071383,0.280527102
37,1988,5,1226.535219,0.616169631
37,1989,6,1316.149726,1.308203352
37,1990,7,1291.609489,1.118695293
37,1991,8,1207.766218,0.471229019
37,1992,9,1308.577057,1.249724621
37,1993,10,1267.223072,0.930375083
37,1994,11,1131.729644,-0.115951281
37,1995,12,1121.385429,-0.19583283
37,1996,13,1196.197092,0.381888296
37,1997,14,1276.938534,1.005401182
37,1998,15,1261.572164,0.886736848
37,1999,16,1207.298056,0.467613716
37,2000,17,1225.604992,0.608986107
37,2001,18,1076.482999,-0.542584671
37,2002,19,1261.665349,0.887456449
37,2003,20,1247.747652,0.779979258
37,2004,21,1213.806586,0.517874799
37,2005,22,1213.636163,0.516558737
37,2006,23,1136.899734,-0.076026088
37,2007,24,1230.961546,0.650351239
37,2008,25,1116.315605,-0.234983736
37,2009,26,1150.912023,0.032181577
37,2010,27,1011.523746,-1.044222128
37,2011,28,1131.215009,-0.119925468
37,2012,29,1191.660084,0.346851972
37,2013,30,968.275266,-1.37820161
37,2014,31,1099.420508,-0.365453425
37,2015,32,1020.757099,-0.972919034
37,2016,33,1010.602948,-1.051332846
37,2017,34,1124.777915,-0.169634893
37,2018,35,918.967464,-1.758973236
38,1984,1,1250.439049,0.800763147
38,1985,2,1247.157909,0.775425066
38,1986,3,1173.691339,0.208091209
38,1987,4,1236.453085,0.692758771
38,1988,5,1300.980479,1.191061266
38,1989,6,1366.595905,1.697765914
38,1990,7,1355.08258,1.608856098
38,1991,8,1265.603592,0.917868908
38,1992,9,1355.997484,1.615921299
38,1993,10,1306.432374,1.233162654
38,1994,11,1196.291001,0.382613493
38,1995,12,1219.001098,0.557988585
38,1996,13,1245.430598,0.76208618
38,1997,14,1323.636796,1.366021055
38,1998,15,1335.193837,1.455268454
38,1999,16,1274.188416,0.984163838
38,2000,17,1280.490018,1.032826948
38,2001,18,1175.460945,0.221756712
38,2002,19,1331.047581,1.423249662
38,2003,20,1291.899194,1.120932491
38,2004,21,1269.223181,0.945820605
38,2005,22,1250.308093,0.799751859
38,2006,23,1221.645544,0.578409902
38,2007,24,1280.264479,1.031085263
38,2008,25,1200.02151,0.411421751
38,2009,26,1193.030447,0.35743438
38,2010,27,1091.530866,-0.426379921
38,2011,28,1191.264526,0.343797341
38,2012,29,1225.688989,0.609634759
38,2013,30,1045.670715,-0.780527619
38,2014,31,1140.850417,-0.045517565
38,2015,32,1075.463868,-0.550454751
38,2016,33,1086.87436,-0.46233905
38,2017,34,1177.034904,0.233911358
38,2018,35,1010.5843,-1.051476851
39,1984,1,1246.153689,0.767670137
39,1985,2,1242.168512,0.736895238
39,1986,3,1170.868227,0.186290176
39,1987,4,1232.778557,0.664382811
39,1988,5,1292.318427,1.124169953
39,1989,6,1360.425422,1.650115342
39,1990,7,1346.326215,1.54123647
39,1991,8,1262.619848,0.894827422
39,1992,9,1349.08527,1.562542833
39,1993,10,1303.144626,1.207773545
39,1994,11,1188.998478,0.326298143
39,1995,12,1209.121756,0.481696944
39,1996,13,1241.67878,0.733113361
39,1997,14,1318.52414,1.326539383
39,1998,15,1326.33871,1.386886151
39,1999,16,1267.856752,0.93526857
39,2000,17,1273.995144,0.982671322
39,2001,18,1169.393713,0.17490348
39,2002,19,1322.470886,1.357017499
39,2003,20,1287.842493,1.089605267
39,2004,21,1264.456277,0.909008946
39,2005,22,1244.378275,0.753959782
39,2006,23,1215.261642,0.529111232
39,2007,24,1274.140981,0.983797525
39,2008,25,1189.120532,0.327240685
39,2009,26,1187.754439,0.316691256
39,2010,27,1086.692743,-0.463741559
39,2011,28,1183.982586,0.287563724
39,2012,29,1218.983833,0.557855258
39,2013,30,1041.046127,-0.816240261
39,2014,31,1133.855851,-0.099531983
39,2015,32,1068.523576,-0.604050046
39,2016,33,1077.236226,-0.536767999
39,2017,34,1170.546525,0.183805886
39,2018,35,1005.30792,-1.092222851
40,1984,1,1170.57842,0.184052188
40,1985,2,1154.165165,0.057303449
40,1986,3,1083.771197,-0.486302724
40,1987,4,1148.287325,0.01191277
40,1988,5,1223.380062,0.59180444
40,1989,6,1322.092314,1.354094037
40,1990,7,1307.72488,1.243143827
40,1991,8,1183.304335,0.282326035
40,1992,9,1298.787784,1.174128525
40,1993,10,1268.050102,0.936761683
40,1994,11,1121.318535,-0.196349409
40,1995,12,1129.347111,-0.134350006
40,1996,13,1164.59295,0.137830355
40,1997,14,1262.444561,0.893473795
40,1998,15,1266.887075,0.927780397
40,1999,16,1212.368101,0.506766327
40,2000,17,1231.462592,0.654220486
40,2001,18,1064.770609,-0.63303173
40,2002,19,1272.555741,0.971555766
40,2003,20,1224.195086,0.59809833
40,2004,21,1199.090043,0.404228648
40,2005,22,1207.905252,0.472302688
40,2006,23,1120.573769,-0.202100743
40,2007,24,1227.841866,0.626260004
40,2008,25,1115.780739,-0.239114148
40,2009,26,1125.379949,-0.164985788
40,2010,27,974.1457787,-1.332867513
40,2011,28,1119.278067,-0.212106593
40,2012,29,1176.803481,0.232124227
40,2013,30,946.3275096,-1.547689653
40,2014,31,1089.520459,-0.441904967
40,2015,32,1013.465634,-1.029226213
40,2016,33,1005.572374,-1.090180649
40,2017,34,1115.780914,-0.239112802
40,2018,35,909.4702749,-1.832313762
41,1984,1,1029.788754,-0.903173523
41,1985,2,1021.025289,-0.970847981
41,1986,3,940.5448719,-1.592345149
41,1987,4,1007.998539,-1.071444981
41,1988,5,1097.573954,-0.379713141
41,1989,6,1206.455139,0.461104425
41,1990,7,1186.365291,0.305963779
41,1991,8,1046.894391,-0.77107797
41,1992,9,1181.08221,0.265166033
41,1993,10,1161.649593,0.115100752
41,1994,11,994.2520441,-1.177600089
41,1995,12,992.1974087,-1.193466683
41,1996,13,1047.288513,-0.76803443
41,1997,14,1146.145509,-0.004627062
41,1998,15,1156.783443,0.07752268
41,1999,16,1094.074863,-0.406734311
41,2000,17,1114.841733,-0.246365473
41,2001,18,914.7169246,-1.791797347
41,2002,19,1149.794794,0.02355396
41,2003,20,1099.735097,-0.363024057
41,2004,21,1072.374103,-0.574314963
41,2005,22,1109.112633,-0.290607534
41,2006,23,980.499468,-1.283802162
41,2007,24,1129.969705,-0.129542131
41,2008,25,998.7634804,-1.142761243
41,2009,26,1012.722972,-1.034961302
41,2010,27,826.9046572,-2.469913559
41,2011,28,1002.909122,-1.110747189
41,2012,29,1071.372949,-0.582046219
41,2013,30,826.0676512,-2.476377204
41,2014,31,989.0243991,-1.217969743
41,2015,32,895.4974548,-1.940216633
41,2016,33,900.8050992,-1.899229198
41,2017,34,1010.629162,-1.051130415
41,2018,35,789.6539653,-2.757576078
42,1984,1,1038.79398,-0.833632106
42,1985,2,1022.976687,-0.95577862
42,1986,3,938.3278722,-1.609465576
42,1987,4,1011.415379,-1.045058979
42,1988,5,1120.805704,-0.200309661
42,1989,6,1233.929578,0.673271389
42,1990,7,1222.925993,0.588297965
42,1991,8,1065.7575,-0.625410628
42,1992,9,1206.530151,0.461683693
42,1993,10,1183.456941,0.283504508
42,1994,11,1018.477829,-0.990520335
42,1995,12,1031.606819,-0.889133804
42,1996,13,1045.820107,-0.779373957
42,1997,14,1167.492212,0.160219441
42,1998,15,1191.886292,0.348598827
42,1999,16,1123.94184,-0.176091352
42,2000,17,1140.119541,-0.051161639
42,2001,18,940.2421767,-1.594682665
42,2002,19,1177.217664,0.235322688
42,2003,20,1105.50277,-0.318484126
42,2004,21,1085.171823,-0.475486615
42,2005,22,1124.518259,-0.171640051
42,2006,23,997.4180512,-1.153151105
42,2007,24,1151.874871,0.039617016
42,2008,25,1026.504721,-0.928533941
42,2009,26,1023.610554,-0.950883682
42,2010,27,811.5744971,-2.588298272
42,2011,28,1012.95926,-1.0331366
42,2012,29,1091.004887,-0.430441715
42,2013,30,837.9365093,-2.384721843
42,2014,31,1008.31068,-1.069034518
42,2015,32,909.8284746,-1.829547622
42,2016,33,921.2486281,-1.741357311
42,2017,34,1024.477001,-0.944192689
42,2018,35,799.2143664,-2.683747407
43,1984,1,1243.931392,0.750508798
43,1985,2,1236.986855,0.696880721
43,1986,3,1154.679389,0.061274463
43,1987,4,1226.634304,0.616934798
43,1988,5,1311.949531,1.275768015
43,1989,6,1386.282694,1.849793999
43,1990,7,1374.375131,1.757839745
43,1991,8,1260.851715,0.881173294
43,1992,9,1367.243641,1.702767951
43,1993,10,1314.574656,1.296040129
43,1994,11,1205.363328,0.452673089
43,1995,12,1235.383397,0.684498274
43,1996,13,1234.724627,0.679411027
43,1997,14,1328.69641,1.405093117
43,1998,15,1353.83956,1.599257073
43,1999,16,1282.096585,1.045233406
43,2000,17,1294.834657,1.143601135
43,2001,18,1169.921701,0.17898078
43,2002,19,1343.274029,1.517666449
43,2003,20,1283.498098,1.056056367
43,2004,21,1271.341612,0.962179849
43,2005,22,1257.954967,0.858803617
43,2006,23,1215.380996,0.530032926
43,2007,24,1287.671722,1.088286513
43,2008,25,1214.391772,0.522393803
43,2009,26,1184.152989,0.288879632
43,2010,27,1075.292475,-0.551778302
43,2011,28,1182.059169,0.272710441
43,2012,29,1230.312826,0.645341603
43,2013,30,1030.175386,-0.90018782
43,2014,31,1141.505883,-0.040455836
43,2015,32,1078.419473,-0.527630559
43,2016,33,1093.306,-0.412671735
43,2017,34,1179.283991,0.251279573
43,2018,35,1003.473176,-1.106391369
44,1984,1,1215.727378,0.532707809
44,1985,2,1205.227792,0.451626427
44,1986,3,1123.382077,-0.180414033
44,1987,4,1192.966904,0.356943678
44,1988,5,1283.084786,1.052864631
44,1989,6,1365.398339,1.688517901
44,1990,7,1351.947241,1.584643947
44,1991,8,1231.869665,0.657364042
44,1992,9,1342.730224,1.513467005
44,1993,10,1292.363047,1.12451452
44,1994,11,1175.098832,0.218960346
44,1995,12,1207.661691,0.470421825
44,1996,13,1205.187784,0.451317478
44,1997,14,1301.484932,1.194956824
44,1998,15,1331.981845,1.430464364
44,1999,16,1258.107419,0.859980908
44,2000,17,1273.636849,0.979904452
44,2001,18,1137.367241,-0.072415841
44,2002,19,1317.959534,1.322179306
44,2003,20,1255.084364,0.836635845
44,2004,21,1244.29282,0.753299871
44,2005,22,1236.492421,0.693062532
44,2006,23,1186.836103,0.309599546
44,2007,24,1266.070156,0.921471871
44,2008,25,1186.425567,0.30642925
44,2009,26,1156.56682,0.075849846
44,2010,27,1041.083289,-0.815953279
44,2011,28,1151.725972,0.038467173
44,2012,29,1202.041223,0.42701866
44,2013,30,1002.556755,-1.113468283
44,2014,31,1119.928434,-0.207084236
44,2015,32,1055.279152,-0.706327991
44,2016,33,1064.622669,-0.634174179
44,2017,34,1154.789824,0.062127277
44,2018,35,976.8308757,-1.31213228
45,1984,1,1194.561697,0.369259217
45,1985,2,1183.758227,0.285831142
45,1986,3,1099.842709,-0.362193044
45,1987,4,1173.583649,0.207259592
45,1988,5,1270.065963,0.952328849
45,1989,6,1349.371451,1.564752818
45,1990,7,1339.342422,1.487305245
45,1991,8,1213.097673,0.512400331
45,1992,9,1327.050083,1.392379621
45,1993,10,1276.0443,0.998495605
45,1994,11,1163.647878,0.130532185
45,1995,12,1199.088348,0.404215553
45,1996,13,1186.46291,0.306717629
45,1997,14,1285.774673,1.073636857
45,1998,15,1319.96462,1.337663259
45,1999,16,1244.477093,0.754722886
45,2000,17,1262.846619,0.896578619
45,2001,18,1121.949319,-0.191478274
45,2002,19,1301.385479,1.194188815
45,2003,20,1233.479673,0.669797072
45,2004,21,1226.36236,0.614834758
45,2005,22,1221.853994,0.580019623
45,2006,23,1167.512015,0.160372365
45,2007,24,1252.51538,0.816797277
45,2008,25,1172.506871,0.198944342
45,2009,26,1133.808962,-0.099894078
45,2010,27,1017.94611,-0.994626449
45,2011,28,1130.770587,-0.123357446
45,2012,29,1186.736827,0.308832903
45,2013,30,982.3159522,-1.269774653
45,2014,31,1102.628344,-0.340681417
45,2015,32,1038.156262,-0.838556778
45,2016,33,1054.339221,-0.713586459
45,2017,34,1139.450292,-0.056329806
45,2018,35,961.7164672,-1.428850886
46,1984,1,1171.717535,0.192848826
46,1985,2,1158.959666,0.094328217
46,1986,3,1074.724236,-0.556166435
46,1987,4,1147.786485,0.00804511
46,1988,5,1248.719301,0.787482663
46,1989,6,1331.969608,1.430369861
46,1990,7,1321.941618,1.352930313
46,1991,8,1191.34113,0.344388898
46,1992,9,1308.185988,1.246704659
46,1993,10,1259.032149,0.867121985
46,1994,11,1142.972295,-0.029131705
46,1995,12,1179.01251,0.249183103
46,1996,13,1164.180966,0.134648875
46,1997,14,1265.709741,0.918688621
46,1998,15,1301.899417,1.198157617
46,1999,16,1226.486379,0.615792472
46,2000,17,1246.231692,0.7682725
46,2001,18,1098.041355,-0.37610371
46,2002,19,1282.965972,1.051947114
46,2003,20,1211.579153,0.500673804
46,2004,21,1205.840417,0.456357329
46,2005,22,1204.867037,0.448840556
46,2006,23,1144.55575,-0.016903725
46,2007,24,1236.493811,0.693073272
46,2008,25,1152.566079,0.04495476
46,2009,26,1114.08571,-0.252203745
46,2010,27,989.6013676,-1.213514195
46,2011,28,1110.293538,-0.281488186
46,2012,29,1168.50353,0.16802918
46,2013,30,960.4929891,-1.438299
46,2014,31,1086.013435,-0.468987403
46,2015,32,1019.454189,-0.982980548
46,2016,33,1034.907516,-0.863644698
46,2017,34,1121.607929,-0.194114611
46,2018,35,940.7779069,-1.590545574
47,1984,1,1187.05424,0.311284081
47,1985,2,1176.158734,0.22714527
47,1986,3,1089.553825,-0.441647308
47,1987,4,1165.648166,0.14597909
47,1988,5,1268.360987,0.939162448
47,1989,6,1343.908068,1.522562718
47,1990,7,1338.276757,1.479075812
47,1991,8,1207.459101,0.468857358
47,1992,9,1321.405296,1.348788655
47,1993,10,1273.803079,0.981188134
47,1994,11,1160.760342,0.108233649
47,1995,12,1200.138984,0.412328921
47,1996,13,1179.619597,0.253871234
47,1997,14,1280.380545,1.031981568
47,1998,15,1317.288776,1.316999487
47,1999,16,1242.870754,0.742318193
47,2000,17,1260.173826,0.875938406
47,2001,18,1116.635706,-0.232511805
47,2002,19,1295.238704,1.146721327
47,2003,20,1224.507284,0.600509225
47,2004,21,1220.195878,0.567215084
47,2005,22,1218.663736,0.555383362
47,2006,23,1158.689288,0.092240267
47,2007,24,1247.399746,0.777292612
47,2008,25,1168.810592,0.17040042
47,2009,26,1125.851238,-0.161346331
47,2010,27,1009.610871,-1.058994004
47,2011,28,1126.614307,-0.155453655
47,2012,29,1184.72169,0.293271336
47,2013,30,973.2120634,-1.34007798
47,2014,31,1096.83116,-0.385449247
47,2015,32,1032.560423,-0.881769754
47,2016,33,1053.592534,-0.719352631
47,2017,34,1135.512587,-0.086738106
47,2018,35,956.0051917,-1.472955299
48,1984,1,1214.529711,0.523459015
48,1985,2,1187.878831,0.317651852
48,1986,3,1105.15303,-0.321184939
48,1987,4,1187.650489,0.315888516
48,1988,5,1297.819841,1.166653744
48,1989,6,1371.950361,1.739114847
48,1990,7,1375.920525,1.769773804
48,1991,8,1231.596905,0.655257697
48,1992,9,1349.867447,1.568583071
48,1993,10,1313.337603,1.286487179
48,1994,11,1193.505242,0.361100911
48,1995,12,1229.950388,0.642542733
48,1996,13,1197.264989,0.390134954
48,1997,14,1307.44852,1.241009677
48,1998,15,1341.722605,1.505685825
48,1999,16,1273.086016,0.975650727
48,2000,17,1283.713897,1.057722846
48,2001,18,1129.993973,-0.129354719
48,2002,19,1320.244141,1.339821816
48,2003,20,1241.391496,0.730894863
48,2004,21,1231.946591,0.657958086
48,2005,22,1248.039703,0.782234576
48,2006,23,1162.158056,0.11902727
48,2007,24,1265.677177,0.918437153
48,2008,25,1186.292343,0.305400446
48,2009,26,1149.721062,0.022984571
48,2010,27,1001.131539,-1.124474288
48,2011,28,1154.407547,0.059175203
48,2012,29,1224.065351,0.597096469
48,2013,30,978.6134353,-1.298366748
48,2014,31,1124.800847,-0.169457808
48,2015,32,1049.435888,-0.751451669
48,2016,33,1078.694509,-0.525506642
48,2017,34,1154.16206,0.057279468
48,2018,35,953.377682,-1.493245823
49,1984,1,1165.274483,0.14309338
49,1985,2,1154.080298,0.056648078
49,1986,3,1064.034331,-0.63871752
49,1987,4,1137.701777,-0.06983244
49,1988,5,1248.761364,0.787807486
49,1989,6,1330.380594,1.418098961
49,1990,7,1322.069701,1.35391941
49,1991,8,1189.494404,0.330127854
49,1992,9,1302.576164,1.203383684
49,1993,10,1257.261665,0.853449704
49,1994,11,1140.742125,-0.046353835
49,1995,12,1186.860816,0.309790389
49,1996,13,1157.319535,0.081662568
49,1997,14,1260.237757,0.876432098
49,1998,15,1301.537106,1.195359727
49,1999,16,1227.95688,0.627148187
49,2000,17,1245.644571,0.763738552
49,2001,18,1097.966697,-0.376680243
49,2002,19,1278.443295,1.017021459
49,2003,20,1201.791643,0.425091317
49,2004,21,1205.551576,0.454126797
49,2005,22,1201.636782,0.423895433
49,2006,23,1140.569863,-0.047684102
49,2007,24,1233.456845,0.669620784
49,2008,25,1152.82411,0.046947367
49,2009,26,1105.558591,-0.318053059
49,2010,27,988.7496406,-1.220091521
49,2011,28,1105.749221,-0.316580947
49,2012,29,1165.901805,0.147937778
49,2013,30,953.1063095,-1.495341454
49,2014,31,1082.414413,-0.496780275
49,2015,32,1016.881069,-1.002851056
49,2016,33,1037.275098,-0.845361428
49,2017,34,1119.788066,-0.208168208
49,2018,35,940.6115283,-1.591830406
50,1984,1,1133.59675,-0.101532851
50,1985,2,1113.722795,-0.255006296
50,1986,3,1021.849918,-0.964479915
50,1987,4,1093.812907,-0.408757225
50,1988,5,1217.997065,0.550235105
50,1989,6,1310.004051,1.260744361
50,1990,7,1301.891097,1.198093364
50,1991,8,1155.604692,0.068419965
50,1992,9,1276.894067,1.005057795
50,1993,10,1237.50315,0.70086773
50,1994,11,1110.547923,-0.27952374
50,1995,12,1157.86732,0.08589275
50,1996,13,1120.004313,-0.206498278
50,1997,14,1233.65612,0.671159655
50,1998,15,1276.324012,1.000655636
50,1999,16,1203.106808,0.435247469
50,2000,17,1221.225401,0.575165411
50,2001,18,1060.156845,-0.66866079
50,2002,19,1253.039255,0.82084282
50,2003,20,1164.808245,0.139492936
50,2004,21,1174.291019,0.212722146
50,2005,22,1177.016991,0.233773027
50,2006,23,1100.988312,-0.353346307
50,2007,24,1210.090701,0.489179469
50,2008,25,1122.709606,-0.185607082
50,2009,26,1080.059953,-0.514962218
50,2010,27,937.6353868,-1.614813184
50,2011,28,1074.968672,-0.55427882
50,2012,29,1141.990901,-0.036710362
50,2013,30,916.9423916,-1.774611535
50,2014,31,1063.254505,-0.644739605
50,2015,32,990.8984089,-1.203498001
50,2016,33,1008.087057,-1.070761413
50,2017,34,1092.341591,-0.420119225
50,2018,35,904.1584792,-1.873333256
51,1984,1,1082.131157,-0.498967676
51,1985,2,1052.891252,-0.724768171
51,1986,3,957.5125368,-1.461315067
51,1987,4,1030.200881,-0.899990938
51,1988,5,1169.597081,0.176473955
51,1989,6,1272.942577,0.974543044
51,1990,7,1268.926092,0.943526378
51,1991,8,1101.581982,-0.348761783
51,1992,9,1235.986174,0.689153126
51,1993,10,1208.191546,0.474513547
51,1994,11,1063.845535,-0.64017547
51,1995,12,1106.840038,-0.308157286
51,1996,13,1064.750555,-0.6331866
51,1997,14,1194.070365,0.365464982
51,1998,15,1234.709154,0.679291539
51,1999,16,1161.714237,0.115599948
51,2000,17,1178.72453,0.246959223
51,2001,18,998.0885085,-1.147973605
51,2002,19,1211.687748,0.501512407
51,2003,20,1111.786854,-0.269956293
51,2004,21,1121.056872,-0.198370059
51,2005,22,1139.210105,-0.058184612
51,2006,23,1035.180795,-0.861534347
51,2007,24,1170.81772,0.185900145
51,2008,25,1072.315731,-0.574765733
51,2009,26,1041.945545,-0.809294646
51,2010,27,854.9187708,-2.25357904
51,2011,28,1030.759911,-0.895673918
51,2012,29,1109.929139,-0.284302201
51,2013,30,861.3515759,-2.203902731
51,2014,31,1031.650101,-0.888799568
51,2015,32,946.0058625,-1.550173522
51,2016,33,961.5988223,-1.42975938
51,2017,34,1049.249199,-0.752893344
51,2018,35,842.0262624,-2.353139378
52,1984,1,1128.871553,-0.138022427
52,1985,2,1115.408737,-0.241986878
52,1986,3,1020.93583,-0.971538812
52,1987,4,1091.004334,-0.430445979
52,1988,5,1211.980964,0.503776722
52,1989,6,1301.619487,1.195995903
52,1990,7,1289.498153,1.102390839
52,1991,8,1154.410527,0.059198217
52,1992,9,1264.017629,0.905621557
52,1993,10,1224.88857,0.603453652
52,1994,11,1104.759989,-0.32422013
52,1995,12,1154.460031,0.059580501
52,1996,13,1117.774373,-0.223718634
52,1997,14,1220.891793,0.572589176
52,1998,15,1262.768106,0.895972313
52,1999,16,1192.662829,0.354595507
52,2000,17,1211.743394,0.501942126
52,2001,18,1059.338023,-0.674984012
52,2002,19,1242.748664,0.741375375
52,2003,20,1158.922645,0.094042327
52,2004,21,1169.31466,0.174293005
52,2005,22,1164.884389,0.140080947
52,2006,23,1098.89178,-0.369536437
52,2007,24,1197.357173,0.390846836
52,2008,25,1118.60664,-0.217291582
52,2009,26,1070.462741,-0.58907515
52,2010,27,949.0399847,-1.526742997
52,2011,28,1066.642853,-0.618573629
52,2012,29,1131.336308,-0.118988751
52,2013,30,913.607399,-1.800365482
52,2014,31,1054.324638,-0.713699076
52,2015,32,985.9711622,-1.241547877
52,2016,33,1003.491032,-1.106253484
52,2017,34,1087.245087,-0.459476168
52,2018,35,908.0547762,-1.843244725
53,1984,1,1135.73015,-0.085058011
53,1985,2,1125.176845,-0.166554219
53,1986,3,1029.569157,-0.904869322
53,1987,4,1099.964627,-0.361251548
53,1988,5,1219.689025,0.563300996
53,1989,6,1307.681191,1.242806441
53,1990,7,1295.15862,1.146102891
53,1991,8,1162.068077,0.118332422
53,1992,9,1270.396019,0.954877653
53,1993,10,1230.393258,0.645962723
53,1994,11,1112.318181,-0.265853205
53,1995,12,1162.0671,0.118324883
53,1996,13,1126.193785,-0.158701065
53,1997,14,1227.108838,0.620599311
53,1998,15,1269.415639,0.947306827
53,1999,16,1199.449492,0.407004436
53,2000,17,1217.778968,0.548550883
53,2001,18,1068.621033,-0.60329745
53,2002,19,1248.993381,0.789599199
53,2003,20,1167.368817,0.159266546
53,2004,21,1177.122564,0.234588295
53,2005,22,1171.342635,0.189953719
53,2006,23,1107.676628,-0.301696858
53,2007,24,1203.704682,0.439864456
53,2008,25,1125.893369,-0.161020982
53,2009,26,1076.658443,-0.541229834
53,2010,27,960.2793614,-1.439948706
53,2011,28,1073.950965,-0.562137901
53,2012,29,1137.43725,-0.071875206
53,2013,30,922.1484854,-1.734408306
53,2014,31,1060.475932,-0.666196694
53,2015,32,992.4512525,-1.191506415
53,2016,33,1011.425383,-1.044981723
53,2017,34,1093.878553,-0.408250283
53,2018,35,916.4468859,-1.778437998
54,1984,1,1165.706045,0.146426048
54,1985,2,1169.182298,0.17327086
54,1986,3,1066.7594,-0.617673613
54,1987,4,1138.658007,-0.062448106
54,1988,5,1256.444431,0.847138746
54,1989,6,1337.248891,1.471138282
54,1990,7,1323.713658,1.366614608
54,1991,8,1195.62295,0.377454571
54,1992,9,1299.915896,1.182840194
54,1993,10,1257.993318,0.859099778
54,1994,11,1148.208036,0.011300469
54,1995,12,1197.56343,0.392439622
54,1996,13,1163.75962,0.131395095
54,1997,14,1255.769097,0.841923584
54,1998,15,1301.085844,1.191874932
54,1999,16,1231.86336,0.657315355
54,2000,17,1245.180569,0.76015537
54,2001,18,1110.418846,-0.280520511
54,2002,19,1277.96227,1.013306824
54,2003,20,1205.300626,0.452188881
54,2004,21,1212.453049,0.507422321
54,2005,22,1202.098265,0.427459161
54,2006,23,1145.150694,-0.012309364
54,2007,24,1234.34107,0.676449069
54,2008,25,1158.641202,0.091868933
54,2009,26,1104.975922,-0.322552623
54,2010,27,1008.293705,-1.069165603
54,2011,28,1108.464102,-0.295615713
54,2012,29,1166.720991,0.154263809
54,2013,30,960.3581009,-1.439340652
54,2014,31,1091.314797,-0.428048484
54,2015,32,1021.348917,-0.968348814
54,2016,33,1049.043327,-0.754483155
54,2017,34,1123.619579,-0.178579964
54,2018,35,951.8773726,-1.504831723
55,1984,1,933.2463949,-1.648706473
55,1985,2,908.0965233,-1.84292234
55,1986,3,798.4154007,-2.689917293
55,1987,4,875.8858712,-2.091663956
55,1988,5,1053.094226,-0.72320074
55,1989,6,1157.829178,0.085598205
55,1990,7,1182.54426,0.276456477
55,1991,8,946.0571454,-1.549777498
55,1992,9,1105.309734,-0.319974816
55,1993,10,1114.533369,-0.248746767
55,1994,11,936.3546204,-1.624703697
55,1995,12,982.5402849,-1.268042279
55,1996,13,929.9527856,-1.674140844
55,1997,14,1102.187658,-0.344084547
55,1998,15,1121.114167,-0.197927606
55,1999,16,1047.061412,-0.76978818
55,2000,17,1060.539437,-0.665706282
55,2001,18,841.9366268,-2.353831574
55,2002,19,1084.04835,-0.484162456
55,2003,20,982.5200278,-1.268198711
55,2004,21,991.1765792,-1.201349876
55,2005,22,1033.247555,-0.876463486
55,2006,23,876.392248,-2.087753542
55,2007,24,1059.919598,-0.670492889
55,2008,25,948.1451583,-1.533653152
55,2009,26,924.6073861,-1.715419838
55,2010,27,705.9987807,-3.403589881
55,2011,28,912.6640868,-1.80765006
55,2012,29,1006.184981,-1.085449888
55,2013,30,728.1083634,-3.23285216
55,2014,31,939.6244771,-1.599452751
55,2015,32,826.5962355,-2.472295296
55,2016,33,837.4430147,-2.388532776
55,2017,34,933.1559105,-1.649405224
55,2018,35,688.5728193,-3.538159085
56,1984,1,1092.177892,-0.421383366
56,1985,2,1051.600651,-0.734734629
56,1986,3,964.9757503,-1.403681593
56,1987,4,1031.272797,-0.891713236
56,1988,5,1178.525274,0.245420503
56,1989,6,1282.643574,1.049457443
56,1990,7,1281.935611,1.043990311
56,1991,8,1104.114668,-0.329203517
56,1992,9,1232.67791,0.663605583
56,1993,10,1215.533932,0.531213953
56,1994,11,1072.08896,-0.576516935
56,1995,12,1120.278876,-0.204378004
56,1996,13,1065.086468,-0.630592563
56,1997,14,1200.141986,0.412352107
56,1998,15,1234.632181,0.678697133
56,1999,16,1166.078776,0.149304407
56,2000,17,1183.050004,0.280362008
56,2001,18,997.878024,-1.149599039
56,2002,19,1213.046647,0.512006287
56,2003,20,1103.616771,-0.333048451
56,2004,21,1118.248503,-0.220057237
56,2005,22,1138.888531,-0.06066792
56,2006,23,1026.075962,-0.931844965
56,2007,24,1166.359863,0.151475057
56,2008,25,1075.064178,-0.553541289
56,2009,26,1042.549942,-0.804627286
56,2010,27,863.0223768,-2.191000237
56,2011,28,1030.198129,-0.900012192
56,2012,29,1109.286612,-0.289264011
56,2013,30,852.8450348,-2.269593136
56,2014,31,1037.775174,-0.841499667
56,2015,32,950.3383336,-1.516716705
56,2016,33,962.8307474,-1.420246035
56,2017,34,1048.549639,-0.758295585
56,2018,35,840.0742846,-2.368213215
57,1984,1,1171.991141,0.194961698
57,1985,2,1147.801341,0.008159835
57,1986,3,1052.369559,-0.72879686
57,1987,4,1124.466039,-0.172043312
57,1988,5,1267.572256,0.933071599
57,1989,6,1354.524562,1.604546894
57,1990,7,1364.280411,1.679884877
57,1991,8,1192.820178,0.355810615
57,1992,9,1301.521243,1.195237226
57,1993,10,1281.429373,1.040080969
57,1994,11,1167.836336,0.162876885
57,1995,12,1224.407353,0.599737524
57,1996,13,1149.311087,0.019818608
57,1997,14,1260.950004,0.881932318
57,1998,15,1309.387738,1.255984981
57,1999,16,1243.682194,0.748584412
57,2000,17,1250.057249,0.797814756
57,2001,18,1094.118557,-0.406396892
57,2002,19,1291.067498,1.114509854
57,2003,20,1187.648482,0.315873014
57,2004,21,1194.029453,0.365149046
57,2005,22,1206.234273,0.459398822
57,2006,23,1114.367756,-0.250025684
57,2007,24,1229.254801,0.637171172
57,2008,25,1153.123083,0.049256137
57,2009,26,1094.530779,-0.403213573
57,2010,27,969.6718577,-1.367416653
57,2011,28,1098.033613,-0.376163494
57,2012,29,1168.262971,0.166171505
57,2013,30,924.5327009,-1.715996583
57,2014,31,1108.49078,-0.295409697
57,2015,32,1021.5582,-0.96673266
57,2016,33,1051.84157,-0.732874175
57,2017,34,1122.504849,-0.187188285
57,2018,35,931.003496,-1.666026901
58,1984,1,1025.478305,-0.936460272
58,1985,2,964.3282538,-1.408681781
58,1986,3,884.577855,-2.024541499
58,1987,4,953.4792907,-1.492461166
58,1988,5,1139.010471,-0.059726257
58,1989,6,1246.301304,0.768810068
58,1990,7,1265.182692,0.914618575
58,1991,8,1035.097009,-0.862181374
58,1992,9,1161.233669,0.111888839
58,1993,10,1171.003075,0.187331518
58,1994,11,1035.838875,-0.856452427
58,1995,12,1100.480005,-0.357271627
58,1996,13,974.2356396,-1.332173576
58,1997,14,1154.525161,0.060083461
58,1998,15,1198.838995,0.402289968
58,1999,16,1136.179078,-0.081591237
58,2000,17,1132.310966,-0.111462113
58,2001,18,925.2263068,-1.710640322
58,2002,19,1167.137347,0.157479052
58,2003,20,1030.456397,-0.898017753
58,2004,21,1061.74643,-0.656385473
58,2005,22,1091.68829,-0.425164243
58,2006,23,931.1738999,-1.664710984
58,2007,24,1120.331512,-0.203971531
58,2008,25,1024.755578,-0.942041416
58,2009,26,977.3514583,-1.308112164
58,2010,27,790.4210034,-2.751652749
58,2011,28,975.6068433,-1.321584675
58,2012,29,1060.399468,-0.666787169
58,2013,30,761.2600873,-2.976843266
58,2014,31,1020.229958,-0.976989801
58,2015,32,893.7045294,-1.954062214
58,2016,33,925.1563368,-1.711180654
58,2017,34,1004.163838,-1.101057845
58,2018,35,786.5542421,-2.781513195
59,1984,1,1032.973453,-0.878580189
59,1985,2,953.978431,-1.488606635
59,1986,3,838.8549752,-2.377629137
59,1987,4,969.0979779,-1.371848348
59,1988,5,1181.392179,0.267559718
59,1989,6,1228.860719,0.634127933
59,1990,7,1286.338648,1.07799206
59,1991,8,1036.439202,-0.851816503
59,1992,9,1142.779467,-0.030620786
59,1993,10,1178.164112,0.242631487
59,1994,11,1089.217152,-0.444247208
59,1995,12,1165.82147,0.147317404
59,1996,13,974.7038487,-1.328557906
59,1997,14,1152.3588,0.043354086
59,1998,15,1206.810753,0.463850593
59,1999,16,1172.743548,0.200772042
59,2000,17,1132.902571,-0.106893538
59,2001,18,992.8815211,-1.188183734
59,2002,19,1215.353513,0.529820694
59,2003,20,1084.481104,-0.480820583
59,2004,21,1082.19915,-0.498442612
59,2005,22,1113.970907,-0.253090291
59,2006,23,942.5279365,-1.57703125
59,2007,24,1151.650692,0.037885835
59,2008,25,1073.296186,-0.567194327
59,2009,26,965.4753429,-1.399823569
59,2010,27,829.6124459,-2.449003093
59,2011,28,1030.269459,-0.899461353
59,2012,29,1053.489911,-0.720145119
59,2013,30,784.0890996,-2.800549864
59,2014,31,1063.523607,-0.642661509
59,2015,32,916.7892683,-1.775794005
59,2016,33,966.1509427,-1.394606357
59,2017,34,1035.915972,-0.855857058
59,2018,35,831.8797304,-2.431494351
